{"cameraMode":{"drawMode":0,"name":"Shaded","section":"Shading Mode"},"sceneLighting":true,"audioPlay":false,"sceneViewState":{"m_AlwaysRefresh":false,"showFog":true,"showSkybox":true,"showFlares":true,"showImageEffects":true,"showParticleSystems":true,"showVisualEffectGraphs":true,"m_FxEnabled":true},"in2DMode":false,"pivot":{"x":-40.82969665527344,"y":5.333567142486572,"z":47.944976806640628},"rotation":{"x":0.00699095381423831,"y":0.9927066564559937,"z":-0.07094301283359528,"w":0.09931248426437378},"size":13.774043083190918,"orthographic":false}